brand,productName,price,pieceURL
H. Moser & Cie,Streamliner Cylindrical Tourbillon Skeleton Alpine Limited Edition Pink Livery,89000,https://www.thewatchpages.com/watches/h-moser-cie-streamliner-cylindrical-tourbillon-skeleton-alpine-limited-edition-pink-livery-6811-1202/
H. Moser & Cie,Streamliner Cylindrical Tourbillon Skeleton Alpine Limited Edition,89000,https://www.thewatchpages.com/watches/h-moser-cie-streamliner-cylindrical-tourbillon-skeleton-alpine-limited-edition-6811-1200/
H. Moser & Cie,Streamliner Tourbillon Skeleton Double Hairspring,79000,https://www.thewatchpages.com/watches/h-moser-cie-streamliner-tourbillon-skeleton-double-hairspring-6814-1200/
H. Moser & Cie,Pioneer Centre Seconds Concept Citrus Green,14500,https://www.thewatchpages.com/watches/h-moser-cie-pioneer-centre-seconds-concept-citrus-green-3201-1204/
H. Moser & Cie,Pioneer Centre Seconds Cosmic Green,14500,https://www.thewatchpages.com/watches/h-moser-cie-pioneer-centre-seconds-cosmic-green-3201-1201/
H. Moser & Cie,Streamliner Perpetual Calendar Concept Smoked Salmon,49900,https://www.thewatchpages.com/watches/h-moser-cie-streamliner-perpetual-calendar-concept-smoked-salmon-6812-1201/
H. Moser & Cie,Streamliner Tourbillon Wyoming Jade,109000,https://www.thewatchpages.com/watches/h-moser-cie-streamliner-tourbillon-wyoming-jade-6804-0406/
H. Moser & Cie,Streamliner Small Seconds Blue Enamel,29900,https://www.thewatchpages.com/watches/h-moser-cie-streamliner-small-seconds-blue-enamel-6500-1200/
H. Moser & Cie,Endeavour Chinese Calendar Limited Edition,68000,https://www.thewatchpages.com/watches/h-moser-cie-endeavour-chinese-calendar-limited-edition-1210-0400/
H. Moser & Cie,Endeavour Centre Seconds Vantablack®,25000,https://www.thewatchpages.com/watches/h-moser-cie-endeavour-centre-seconds-vantablack-1200-0411/
H. Moser & Cie,Endeavour Tourbillon Concept Vantablack®,75000,https://www.thewatchpages.com/watches/h-moser-cie-endeavour-tourbillon-concept-vantablack-1804-0403/
H. Moser & Cie,Streamliner Flyback Chronograph Automatic Boutique Edition,60000,https://www.thewatchpages.com/watches/h-moser-cie-streamliner-flyback-chronograph-automatic-boutique-edition-6907-0400/
H. Moser & Cie,Streamliner Flyback Chronograph Automatic Funky Blue 2.0,45000,https://www.thewatchpages.com/watches/h-moser-cie-streamliner-flyback-chronograph-automatic-funky-blue-2-0-6907-1200/
H. Moser & Cie,Pioneer Tourbillon Arctic Blue,49900,https://www.thewatchpages.com/watches/h-moser-cie-pioneer-tourbillon-arctic-blue-3804-1208/
H. Moser & Cie,Pioneer Centre Seconds Arctic Blue,12900,https://www.thewatchpages.com/watches/h-moser-cie-pioneer-centre-seconds-arctic-blue-3200-1217/
H. Moser & Cie,Endeavour Perpetual Calendar Tantalum Blue Enamel,75000,https://www.thewatchpages.com/watches/h-moser-cie-endeavour-perpetual-calendar-tantalum-blue-enamel-1800-2000/
H. Moser & Cie,Endeavour Centre Seconds Genesis,27000,https://www.thewatchpages.com/watches/h-moser-cie-endeavour-centre-seconds-genesis-1200-1238/
H. Moser & Cie,Streamliner Tourbillon Vantablack®,109000,https://www.thewatchpages.com/watches/h-moser-cie-streamliner-tourbillon-vantablack-6804-0400/
H. Moser & Cie,Endeavour Concept Minute Repeater Tourbillon Aqua Blue,330000,https://www.thewatchpages.com/watches/h-moser-cie-endeavour-concept-minute-repeater-tourbillon-aqua-blue-1904-0400/
H. Moser & Cie,Endeavour Concept Minute Repeater Tourbillon Aqua Blue,330000,https://www.thewatchpages.com/watches/h-moser-cie-endeavour-concept-minute-repeater-tourbillon-aqua-blue-1904-0500/
H. Moser & Cie,Pioneer Cylindrical Tourbillon Skeleton,79000,https://www.thewatchpages.com/watches/h-moser-cie-pioneer-cylindrical-tourbillon-skeleton-3811-1200/
H. Moser & Cie,Endeavour Centre Seconds Concept Lime Green,25000,https://www.thewatchpages.com/watches/h-moser-cie-endeavour-centre-seconds-concept-lime-green-1200-1233/
H. Moser & Cie,Endeavour Perpetual Calendar Funky Blue,54000,https://www.thewatchpages.com/watches/h-moser-cie-endeavour-perpetual-calendar-funky-blue-1800-0204/
H. Moser & Cie,Heritage Dual Time,19900,https://www.thewatchpages.com/watches/h-moser-cie-heritage-dual-time-8809-1200/
H. Moser & Cie,Streamliner Perpetual Calendar,49900,https://www.thewatchpages.com/watches/h-moser-cie-streamliner-perpetual-calendar-6812-1200/
H. Moser & Cie,Heritage Perpetual Calendar Midnight Blue Enamel,99000,https://www.thewatchpages.com/watches/h-moser-cie-heritage-perpetual-calendar-midnight-blue-enamel-8800-0203/
H. Moser & Cie,Pioneer Tourbillon Mega Cool,49900,https://www.thewatchpages.com/watches/h-moser-cie-pioneer-tourbillon-mega-cool-3804-1205/
H. Moser & Cie,Venturer,22000,https://www.thewatchpages.com/watches/h-moser-cie-venturer-2327-0411/
H. Moser & Cie,Venturer,22000,https://www.thewatchpages.com/watches/h-moser-cie-venturer-2327-0220/
H. Moser & Cie,Endeavour Tourbillon,100000,https://www.thewatchpages.com/watches/h-moser-cie-endeavour-tourbillon-1804-0202/
H. Moser & Cie,Endeavour Tourbillon,75000,https://www.thewatchpages.com/watches/h-moser-cie-endeavour-tourbillon-1804-0212/
H. Moser & Cie,Endeavour Flying Hours,29900,https://www.thewatchpages.com/watches/h-moser-cie-endeavour-flying-hours-1806-1200/
H. Moser & Cie,Endeavour Centre Seconds,17000,https://www.thewatchpages.com/watches/h-moser-cie-endeavour-centre-seconds-1200-1221/
H. Moser & Cie,Endeavour Centre Seconds,17000,https://www.thewatchpages.com/watches/h-moser-cie-endeavour-centre-seconds-1200-1220/
H. Moser & Cie,Pioneer Centre Seconds Mega Cool,13900,https://www.thewatchpages.com/watches/h-moser-cie-pioneer-centre-seconds-mega-cool-3200-1214/
H. Moser & Cie,Endeavour Tourbillon Concept Tiger's Eye,69000,https://www.thewatchpages.com/watches/h-moser-cie-endeavour-tourbillon-concept-tigers-eye-1804-0222/
H. Moser & Cie,Endeavour Tourbillon Concept Tiger's Eye,69000,https://www.thewatchpages.com/watches/h-moser-cie-endeavour-tourbillon-concept-tigers-eye-1804-0401/
H. Moser & Cie,Pioneer Centre Seconds Swiss Mad Red,12900,https://www.thewatchpages.com/watches/h-moser-cie-pioneer-centre-seconds-swiss-mad-red-3200-1207/
H. Moser & Cie,Venturer Vantablack® Black Hands XL,24000,https://www.thewatchpages.com/watches/h-moser-cie-venturer-vantablack-black-hands-xl-2327-1213/
H. Moser & Cie,Venturer Vantablack® Black Hands,25000,https://www.thewatchpages.com/watches/h-moser-cie-venturer-vantablack-black-hands-2327-0222/
H. Moser & Cie,Endeavour Tourbillon Vantablack® Black Hands,69000,https://www.thewatchpages.com/watches/h-moser-cie-endeavour-tourbillon-vantablack-black-hands-1804-1206/
H. Moser & Cie,Endeavour Tourbillon Concept,65000,https://www.thewatchpages.com/watches/h-moser-cie-endeavour-tourbillon-concept-1804-0400/
H. Moser & Cie,Endeavour Tourbillon Concept,65000,https://www.thewatchpages.com/watches/h-moser-cie-endeavour-tourbillon-concept-1804-0221/
H. Moser & Cie,Endeavour Centre Seconds Concept,22000,https://www.thewatchpages.com/watches/h-moser-cie-endeavour-centre-seconds-concept-1200-1218/
H. Moser & Cie,Endeavour Centre Seconds Concept,22000,https://www.thewatchpages.com/watches/h-moser-cie-endeavour-centre-seconds-concept-1200-0409/
H. Moser & Cie,Endeavour Centre Seconds Concept,22000,https://www.thewatchpages.com/watches/h-moser-cie-endeavour-centre-seconds-concept-1200-0215/
H. Moser & Cie,Endeavour Centre Seconds Diamond Concept,15900,https://www.thewatchpages.com/watches/h-moser-cie-endeavour-centre-seconds-diamond-concept-1200-1208/
H. Moser & Cie,Endeavour Perpetual Moon,35000,https://www.thewatchpages.com/watches/h-moser-cie-endeavour-perpetual-moon-1801-1201/
H. Moser & Cie,Pioneer Perpetual Calendar MD,39900,https://www.thewatchpages.com/watches/h-moser-cie-pioneer-perpetual-calendar-md-3808-1200/
H. Moser & Cie,Pioneer Perpetual Calendar MD,39900,https://www.thewatchpages.com/watches/h-moser-cie-pioneer-perpetual-calendar-md-3808-1201/
H. Moser & Cie,Pioneer Tourbillon,59900,https://www.thewatchpages.com/watches/h-moser-cie-pioneer-tourbillon-3804-0900/
H. Moser & Cie,Pioneer Centre Seconds,19900,https://www.thewatchpages.com/watches/h-moser-cie-pioneer-centre-seconds-3200-0903/
H. Moser & Cie,Pioneer Centre Seconds,13900,https://www.thewatchpages.com/watches/h-moser-cie-pioneer-centre-seconds-3200-1205/
H. Moser & Cie,Heritage Centre Seconds,13900,https://www.thewatchpages.com/watches/h-moser-cie-heritage-centre-seconds-8200-1201/
H. Moser & Cie,Heritage Tourbillon,88000,https://www.thewatchpages.com/watches/h-moser-cie-heritage-tourbillon-8804-0200-2/
H. Moser & Cie,Heritage Tourbillon,49900,https://www.thewatchpages.com/watches/h-moser-cie-heritage-tourbillon-8804-1200/
H. Moser & Cie,Venturer XL,23000,https://www.thewatchpages.com/watches/h-moser-cie-venturer-xl-2327-0409/
H. Moser & Cie,Venturer Concept Vantablack®,25000,https://www.thewatchpages.com/watches/h-moser-cie-venturer-concept-vantablack-2327-0410/
H. Moser & Cie,Venturer Concept Vantablack®,49000,https://www.thewatchpages.com/watches/h-moser-cie-venturer-concept-vantablack-2327-0219/
H. Moser & Cie,Endeavour Perpetual Moon,39900,https://www.thewatchpages.com/watches/h-moser-cie-endeavour-perpetual-moon-1801-0402/
H. Moser & Cie,Endeavour Flying Hours,35000,https://www.thewatchpages.com/watches/h-moser-cie-endeavour-flying-hours-1806-0202/
H. Moser & Cie,Endeavour Flying Hours,35000,https://www.thewatchpages.com/watches/h-moser-cie-endeavour-flying-hours-1806-0201/
H. Moser & Cie,Endeavour Centre Seconds Diamonds Purity,15900,https://www.thewatchpages.com/watches/h-moser-cie-endeavour-centre-seconds-diamonds-purity-1200-1207/
H. Moser & Cie,Pioneer Perpetual Calendar,39900,https://www.thewatchpages.com/watches/h-moser-cie-pioneer-perpetual-calendar-3800-1200/
H. Moser & Cie,Pioneer Perpetual Calendar,49900,https://www.thewatchpages.com/watches/h-moser-cie-pioneer-perpetual-calendar-3800-0900/
H. Moser & Cie,Pioneer Centre Seconds,12900,https://www.thewatchpages.com/watches/h-moser-cie-pioneer-centre-seconds-3200-1202/
H. Moser & Cie,Endeavour Tourbillon,69000,https://www.thewatchpages.com/watches/h-moser-cie-endeavour-tourbillon-1804-0214/
H. Moser & Cie,Endeavour Perpetual Calendar Purity,54000,https://www.thewatchpages.com/watches/h-moser-cie-endeavour-perpetual-calendar-purity-1800-0202/
H. Moser & Cie,Endeavour Perpetual Calendar Purity,54000,https://www.thewatchpages.com/watches/h-moser-cie-endeavour-perpetual-calendar-purity-1800-0200/
H. Moser & Cie,Endeavour Centre Seconds Automatic,19900,https://www.thewatchpages.com/watches/h-moser-cie-endeavour-centre-seconds-automatic-1200-0201/
H. Moser & Cie,Endeavour Centre Seconds Automatic,19900,https://www.thewatchpages.com/watches/h-moser-cie-endeavour-centre-seconds-automatic-1200-0400/
H. Moser & Cie,Endeavour Centre Seconds Automatic,19900,https://www.thewatchpages.com/watches/h-moser-cie-endeavour-centre-seconds-automatic-1200-0200/
H. Moser & Cie,Endeavour Centre Seconds Automatic,19900,https://www.thewatchpages.com/watches/h-moser-cie-endeavour-centre-seconds-automatic-1200-0401/
H. Moser & Cie,Endeavour Small Seconds Total Eclipse X The Armoury,23900,https://www.thewatchpages.com/watches/h-moser-cie-endeavour-small-seconds-total-eclipse-x-the-armoury-1327-1201/
H. Moser & Cie,Endeavour Small Seconds Total Eclipse X The Armoury,23900,https://www.thewatchpages.com/watches/h-moser-cie-endeavour-small-seconds-total-eclipse-x-the-armoury-1327-1200/
H. Moser & Cie,Endeavour Centre Seconds Automatic,Price upon request,https://www.thewatchpages.com/watches/h-moser-cie-endeavour-centre-seconds-automatic-1200-0203/
H. Moser & Cie,Streamliner Center Seconds,19900,https://www.thewatchpages.com/watches/h-moser-cie-streamliner-center-seconds-6200-1200/
H. Moser & Cie,Streamliner Centre Seconds Smoked Salmon,19900,https://www.thewatchpages.com/watches/h-moser-cie-streamliner-centre-seconds-smoked-salmon-6200-1207/
H. Moser & Cie,Streamliner Flyback Chronograph Automatic Funky Blue,39900,https://www.thewatchpages.com/watches/h-moser-cie-streamliner-flyback-chronograph-automatic-funky-blue-6902-1201/
H. Moser & Cie,Pioneer Tourbillon Cure ALS,55000,https://www.thewatchpages.com/watches/h-moser-cie-pioneer-tourbillon-cure-als-3804-1202/
H. Moser & Cie,Streamliner Cylindrical Tourbillon Skeleton Alpine Limited Edition Pink Livery,89000,https://www.thewatchpages.com/watches/h-moser-cie-streamliner-cylindrical-tourbillon-skeleton-alpine-limited-edition-pink-livery-6811-1202/
H. Moser & Cie,Streamliner Cylindrical Tourbillon Skeleton Alpine Limited Edition,89000,https://www.thewatchpages.com/watches/h-moser-cie-streamliner-cylindrical-tourbillon-skeleton-alpine-limited-edition-6811-1200/
H. Moser & Cie,Streamliner Tourbillon Skeleton Double Hairspring,79000,https://www.thewatchpages.com/watches/h-moser-cie-streamliner-tourbillon-skeleton-double-hairspring-6814-1200/
H. Moser & Cie,Pioneer Centre Seconds Concept Citrus Green,14500,https://www.thewatchpages.com/watches/h-moser-cie-pioneer-centre-seconds-concept-citrus-green-3201-1204/
H. Moser & Cie,Pioneer Centre Seconds Cosmic Green,14500,https://www.thewatchpages.com/watches/h-moser-cie-pioneer-centre-seconds-cosmic-green-3201-1201/
H. Moser & Cie,Streamliner Perpetual Calendar Concept Smoked Salmon,49900,https://www.thewatchpages.com/watches/h-moser-cie-streamliner-perpetual-calendar-concept-smoked-salmon-6812-1201/
H. Moser & Cie,Streamliner Tourbillon Wyoming Jade,109000,https://www.thewatchpages.com/watches/h-moser-cie-streamliner-tourbillon-wyoming-jade-6804-0406/
H. Moser & Cie,Streamliner Small Seconds Blue Enamel,29900,https://www.thewatchpages.com/watches/h-moser-cie-streamliner-small-seconds-blue-enamel-6500-1200/
H. Moser & Cie,Endeavour Chinese Calendar Limited Edition,68000,https://www.thewatchpages.com/watches/h-moser-cie-endeavour-chinese-calendar-limited-edition-1210-0400/
H. Moser & Cie,Endeavour Centre Seconds Vantablack®,25000,https://www.thewatchpages.com/watches/h-moser-cie-endeavour-centre-seconds-vantablack-1200-0411/
H. Moser & Cie,Endeavour Tourbillon Concept Vantablack®,75000,https://www.thewatchpages.com/watches/h-moser-cie-endeavour-tourbillon-concept-vantablack-1804-0403/
H. Moser & Cie,Streamliner Flyback Chronograph Automatic Boutique Edition,60000,https://www.thewatchpages.com/watches/h-moser-cie-streamliner-flyback-chronograph-automatic-boutique-edition-6907-0400/
H. Moser & Cie,Streamliner Flyback Chronograph Automatic Funky Blue 2.0,45000,https://www.thewatchpages.com/watches/h-moser-cie-streamliner-flyback-chronograph-automatic-funky-blue-2-0-6907-1200/
H. Moser & Cie,Pioneer Tourbillon Arctic Blue,49900,https://www.thewatchpages.com/watches/h-moser-cie-pioneer-tourbillon-arctic-blue-3804-1208/
H. Moser & Cie,Pioneer Centre Seconds Arctic Blue,12900,https://www.thewatchpages.com/watches/h-moser-cie-pioneer-centre-seconds-arctic-blue-3200-1217/
H. Moser & Cie,Endeavour Perpetual Calendar Tantalum Blue Enamel,75000,https://www.thewatchpages.com/watches/h-moser-cie-endeavour-perpetual-calendar-tantalum-blue-enamel-1800-2000/
H. Moser & Cie,Endeavour Centre Seconds Genesis,27000,https://www.thewatchpages.com/watches/h-moser-cie-endeavour-centre-seconds-genesis-1200-1238/
H. Moser & Cie,Streamliner Tourbillon Vantablack®,109000,https://www.thewatchpages.com/watches/h-moser-cie-streamliner-tourbillon-vantablack-6804-0400/
H. Moser & Cie,Endeavour Concept Minute Repeater Tourbillon Aqua Blue,330000,https://www.thewatchpages.com/watches/h-moser-cie-endeavour-concept-minute-repeater-tourbillon-aqua-blue-1904-0400/
H. Moser & Cie,Endeavour Concept Minute Repeater Tourbillon Aqua Blue,330000,https://www.thewatchpages.com/watches/h-moser-cie-endeavour-concept-minute-repeater-tourbillon-aqua-blue-1904-0500/
H. Moser & Cie,Pioneer Cylindrical Tourbillon Skeleton,79000,https://www.thewatchpages.com/watches/h-moser-cie-pioneer-cylindrical-tourbillon-skeleton-3811-1200/
H. Moser & Cie,Endeavour Centre Seconds Concept Lime Green,25000,https://www.thewatchpages.com/watches/h-moser-cie-endeavour-centre-seconds-concept-lime-green-1200-1233/
H. Moser & Cie,Endeavour Perpetual Calendar Funky Blue,54000,https://www.thewatchpages.com/watches/h-moser-cie-endeavour-perpetual-calendar-funky-blue-1800-0204/
H. Moser & Cie,Heritage Dual Time,19900,https://www.thewatchpages.com/watches/h-moser-cie-heritage-dual-time-8809-1200/
H. Moser & Cie,Streamliner Perpetual Calendar,49900,https://www.thewatchpages.com/watches/h-moser-cie-streamliner-perpetual-calendar-6812-1200/
H. Moser & Cie,Heritage Perpetual Calendar Midnight Blue Enamel,99000,https://www.thewatchpages.com/watches/h-moser-cie-heritage-perpetual-calendar-midnight-blue-enamel-8800-0203/
H. Moser & Cie,Pioneer Tourbillon Mega Cool,49900,https://www.thewatchpages.com/watches/h-moser-cie-pioneer-tourbillon-mega-cool-3804-1205/
H. Moser & Cie,Venturer,22000,https://www.thewatchpages.com/watches/h-moser-cie-venturer-2327-0411/
H. Moser & Cie,Venturer,22000,https://www.thewatchpages.com/watches/h-moser-cie-venturer-2327-0220/
H. Moser & Cie,Endeavour Tourbillon,100000,https://www.thewatchpages.com/watches/h-moser-cie-endeavour-tourbillon-1804-0202/
H. Moser & Cie,Endeavour Tourbillon,75000,https://www.thewatchpages.com/watches/h-moser-cie-endeavour-tourbillon-1804-0212/
H. Moser & Cie,Endeavour Flying Hours,29900,https://www.thewatchpages.com/watches/h-moser-cie-endeavour-flying-hours-1806-1200/
H. Moser & Cie,Endeavour Centre Seconds,17000,https://www.thewatchpages.com/watches/h-moser-cie-endeavour-centre-seconds-1200-1221/
H. Moser & Cie,Endeavour Centre Seconds,17000,https://www.thewatchpages.com/watches/h-moser-cie-endeavour-centre-seconds-1200-1220/
H. Moser & Cie,Pioneer Centre Seconds Mega Cool,13900,https://www.thewatchpages.com/watches/h-moser-cie-pioneer-centre-seconds-mega-cool-3200-1214/
H. Moser & Cie,Endeavour Tourbillon Concept Tiger's Eye,69000,https://www.thewatchpages.com/watches/h-moser-cie-endeavour-tourbillon-concept-tigers-eye-1804-0222/
H. Moser & Cie,Endeavour Tourbillon Concept Tiger's Eye,69000,https://www.thewatchpages.com/watches/h-moser-cie-endeavour-tourbillon-concept-tigers-eye-1804-0401/
H. Moser & Cie,Pioneer Centre Seconds Swiss Mad Red,12900,https://www.thewatchpages.com/watches/h-moser-cie-pioneer-centre-seconds-swiss-mad-red-3200-1207/
H. Moser & Cie,Venturer Vantablack® Black Hands XL,24000,https://www.thewatchpages.com/watches/h-moser-cie-venturer-vantablack-black-hands-xl-2327-1213/
H. Moser & Cie,Venturer Vantablack® Black Hands,25000,https://www.thewatchpages.com/watches/h-moser-cie-venturer-vantablack-black-hands-2327-0222/
H. Moser & Cie,Endeavour Tourbillon Vantablack® Black Hands,69000,https://www.thewatchpages.com/watches/h-moser-cie-endeavour-tourbillon-vantablack-black-hands-1804-1206/
H. Moser & Cie,Endeavour Tourbillon Concept,65000,https://www.thewatchpages.com/watches/h-moser-cie-endeavour-tourbillon-concept-1804-0400/
H. Moser & Cie,Endeavour Tourbillon Concept,65000,https://www.thewatchpages.com/watches/h-moser-cie-endeavour-tourbillon-concept-1804-0221/
H. Moser & Cie,Endeavour Centre Seconds Concept,22000,https://www.thewatchpages.com/watches/h-moser-cie-endeavour-centre-seconds-concept-1200-1218/
H. Moser & Cie,Endeavour Centre Seconds Concept,22000,https://www.thewatchpages.com/watches/h-moser-cie-endeavour-centre-seconds-concept-1200-0409/
H. Moser & Cie,Endeavour Centre Seconds Concept,22000,https://www.thewatchpages.com/watches/h-moser-cie-endeavour-centre-seconds-concept-1200-0215/
H. Moser & Cie,Endeavour Centre Seconds Diamond Concept,15900,https://www.thewatchpages.com/watches/h-moser-cie-endeavour-centre-seconds-diamond-concept-1200-1208/
H. Moser & Cie,Endeavour Perpetual Moon,35000,https://www.thewatchpages.com/watches/h-moser-cie-endeavour-perpetual-moon-1801-1201/
H. Moser & Cie,Pioneer Perpetual Calendar MD,39900,https://www.thewatchpages.com/watches/h-moser-cie-pioneer-perpetual-calendar-md-3808-1200/
H. Moser & Cie,Pioneer Perpetual Calendar MD,39900,https://www.thewatchpages.com/watches/h-moser-cie-pioneer-perpetual-calendar-md-3808-1201/
H. Moser & Cie,Pioneer Tourbillon,59900,https://www.thewatchpages.com/watches/h-moser-cie-pioneer-tourbillon-3804-0900/
H. Moser & Cie,Pioneer Centre Seconds,19900,https://www.thewatchpages.com/watches/h-moser-cie-pioneer-centre-seconds-3200-0903/
H. Moser & Cie,Pioneer Centre Seconds,13900,https://www.thewatchpages.com/watches/h-moser-cie-pioneer-centre-seconds-3200-1205/
H. Moser & Cie,Heritage Centre Seconds,13900,https://www.thewatchpages.com/watches/h-moser-cie-heritage-centre-seconds-8200-1201/
H. Moser & Cie,Heritage Tourbillon,88000,https://www.thewatchpages.com/watches/h-moser-cie-heritage-tourbillon-8804-0200-2/
H. Moser & Cie,Heritage Tourbillon,49900,https://www.thewatchpages.com/watches/h-moser-cie-heritage-tourbillon-8804-1200/
H. Moser & Cie,Venturer XL,23000,https://www.thewatchpages.com/watches/h-moser-cie-venturer-xl-2327-0409/
H. Moser & Cie,Venturer Concept Vantablack®,25000,https://www.thewatchpages.com/watches/h-moser-cie-venturer-concept-vantablack-2327-0410/
H. Moser & Cie,Venturer Concept Vantablack®,49000,https://www.thewatchpages.com/watches/h-moser-cie-venturer-concept-vantablack-2327-0219/
H. Moser & Cie,Endeavour Perpetual Moon,39900,https://www.thewatchpages.com/watches/h-moser-cie-endeavour-perpetual-moon-1801-0402/
H. Moser & Cie,Endeavour Flying Hours,35000,https://www.thewatchpages.com/watches/h-moser-cie-endeavour-flying-hours-1806-0202/
H. Moser & Cie,Endeavour Flying Hours,35000,https://www.thewatchpages.com/watches/h-moser-cie-endeavour-flying-hours-1806-0201/
H. Moser & Cie,Endeavour Centre Seconds Diamonds Purity,15900,https://www.thewatchpages.com/watches/h-moser-cie-endeavour-centre-seconds-diamonds-purity-1200-1207/
H. Moser & Cie,Pioneer Perpetual Calendar,39900,https://www.thewatchpages.com/watches/h-moser-cie-pioneer-perpetual-calendar-3800-1200/
H. Moser & Cie,Pioneer Perpetual Calendar,49900,https://www.thewatchpages.com/watches/h-moser-cie-pioneer-perpetual-calendar-3800-0900/
H. Moser & Cie,Pioneer Centre Seconds,12900,https://www.thewatchpages.com/watches/h-moser-cie-pioneer-centre-seconds-3200-1202/
H. Moser & Cie,Endeavour Tourbillon,69000,https://www.thewatchpages.com/watches/h-moser-cie-endeavour-tourbillon-1804-0214/
H. Moser & Cie,Endeavour Perpetual Calendar Purity,54000,https://www.thewatchpages.com/watches/h-moser-cie-endeavour-perpetual-calendar-purity-1800-0202/
H. Moser & Cie,Endeavour Perpetual Calendar Purity,54000,https://www.thewatchpages.com/watches/h-moser-cie-endeavour-perpetual-calendar-purity-1800-0200/
H. Moser & Cie,Endeavour Centre Seconds Automatic,19900,https://www.thewatchpages.com/watches/h-moser-cie-endeavour-centre-seconds-automatic-1200-0201/
H. Moser & Cie,Endeavour Centre Seconds Automatic,19900,https://www.thewatchpages.com/watches/h-moser-cie-endeavour-centre-seconds-automatic-1200-0400/
H. Moser & Cie,Endeavour Centre Seconds Automatic,19900,https://www.thewatchpages.com/watches/h-moser-cie-endeavour-centre-seconds-automatic-1200-0200/
H. Moser & Cie,Endeavour Centre Seconds Automatic,19900,https://www.thewatchpages.com/watches/h-moser-cie-endeavour-centre-seconds-automatic-1200-0401/
H. Moser & Cie,Endeavour Small Seconds Total Eclipse X The Armoury,23900,https://www.thewatchpages.com/watches/h-moser-cie-endeavour-small-seconds-total-eclipse-x-the-armoury-1327-1201/
H. Moser & Cie,Endeavour Small Seconds Total Eclipse X The Armoury,23900,https://www.thewatchpages.com/watches/h-moser-cie-endeavour-small-seconds-total-eclipse-x-the-armoury-1327-1200/
H. Moser & Cie,Endeavour Centre Seconds Automatic,Price upon request,https://www.thewatchpages.com/watches/h-moser-cie-endeavour-centre-seconds-automatic-1200-0203/
H. Moser & Cie,Streamliner Center Seconds,19900,https://www.thewatchpages.com/watches/h-moser-cie-streamliner-center-seconds-6200-1200/
H. Moser & Cie,Streamliner Centre Seconds Smoked Salmon,19900,https://www.thewatchpages.com/watches/h-moser-cie-streamliner-centre-seconds-smoked-salmon-6200-1207/
H. Moser & Cie,Streamliner Flyback Chronograph Automatic Funky Blue,39900,https://www.thewatchpages.com/watches/h-moser-cie-streamliner-flyback-chronograph-automatic-funky-blue-6902-1201/
H. Moser & Cie,Pioneer Tourbillon Cure ALS,55000,https://www.thewatchpages.com/watches/h-moser-cie-pioneer-tourbillon-cure-als-3804-1202/
H. Moser & Cie,Pioneer Centre Seconds Cure ALS,16000,https://www.thewatchpages.com/watches/h-moser-cie-pioneer-centre-seconds-cure-als-3200-1211/
H. Moser & Cie,Streamliner Flyback Chronograph Automatic,39900,https://www.thewatchpages.com/watches/h-moser-cie-streamliner-flyback-chronograph-automatic-6902-1200/
H. Moser & Cie,Endeavour Tourbillon Concept,69000,https://www.thewatchpages.com/watches/h-moser-cie-endeavour-tourbillon-concept-1804-0209/
H. Moser & Cie,Endeavour Tourbillon Concept,100000,https://www.thewatchpages.com/watches/h-moser-cie-endeavour-tourbillon-concept-1804-0215/
H. Moser & Cie,Endeavour Tourbillon Concept,63000,https://www.thewatchpages.com/watches/h-moser-cie-endeavour-tourbillon-concept-1804-1203/
H. Moser & Cie,Endeavour Tourbillon Concept,69000,https://www.thewatchpages.com/watches/h-moser-cie-endeavour-tourbillon-concept-1804-0211/
H. Moser & Cie,Swiss Alp Watch,24000,https://www.thewatchpages.com/watches/h-moser-cie-swiss-alp-watch-5324-1203/
H. Moser & Cie,Swiss Alp Watch,24000,https://www.thewatchpages.com/watches/h-moser-cie-swiss-alp-watch-5324-1201/
H. Moser & Cie,Endeavour Concept Minute Repeater Tourbillon,320000,https://www.thewatchpages.com/watches/h-moser-cie-endeavour-concept-minute-repeater-tourbillon-1903-0200/
H. Moser & Cie,Endeavour Centre Seconds,17000,https://www.thewatchpages.com/watches/h-moser-cie-endeavour-centre-seconds-1200-1213/
H. Moser & Cie,Endeavour Centre Seconds Concept X Seconde/Seconde/,19900,https://www.thewatchpages.com/watches/h-moser-cie-endeavour-centre-seconds-concept-x-seconde-seconde-1200-1229/
H. Moser & Cie,Swiss Alp Watch Infinite Reboot,Price upon request,https://www.thewatchpages.com/watches/h-moser-cie-swiss-alp-watch-infinite-reboot-5324-1206/
H. Moser & Cie,Swiss Alp Watch Final Upgrade,28000,https://www.thewatchpages.com/watches/h-moser-cie-swiss-alp-watch-final-upgrade-5324-1205/
H. Moser & Cie,Pioneer Centre Seconds Rotating Bezel C.02 For Collective,14900,https://www.thewatchpages.com/watches/h-moser-cie-pioneer-centre-seconds-rotating-bezel-c-02-for-collective-3200-1210/
H. Moser & Cie,Pioneer Tourbillon,49900,https://www.thewatchpages.com/watches/h-moser-cie-pioneer-tourbillon-3804-1201/
H. Moser & Cie,Endeavour Centre Seconds Concept Blue Lagoon,22000,https://www.thewatchpages.com/watches/h-moser-cie-endeavour-centre-seconds-concept-blue-lagoon-1200-0404/
H. Moser & Cie,Endeavour Centre Seconds Concept Blue Lagoon,22000,https://www.thewatchpages.com/watches/h-moser-cie-endeavour-centre-seconds-concept-blue-lagoon-1200-0206/
H. Moser & Cie,Heritage Perpetual Calendar,250000,https://www.thewatchpages.com/watches/h-moser-cie-heritage-perpetual-calendar-8341-0400/
H. Moser & Cie,Heritage Tourbillon,88000,https://www.thewatchpages.com/watches/h-moser-cie-heritage-tourbillon-8804-0200/
H. Moser & Cie,Swiss Alp Watch Concept Cosmic Green,26900,https://www.thewatchpages.com/watches/h-moser-cie-swiss-alp-watch-concept-cosmic-green-5324-0210/
H. Moser & Cie,Swiss Alp Watch Minute Repeater Tourbillon,292000,https://www.thewatchpages.com/watches/h-moser-cie-swiss-alp-watch-minute-repeater-tourbillon-5901-0200/
H. Moser & Cie,Heritage Perpetual Moon,69000,https://www.thewatchpages.com/watches/h-moser-cie-heritage-perpetual-moon-8801-0200/
H. Moser & Cie,Swiss Alp Watch,24900,https://www.thewatchpages.com/watches/h-moser-cie-swiss-alp-watch-5324-0201/
H. Moser & Cie,Swiss Alp Watch,21900,https://www.thewatchpages.com/watches/h-moser-cie-swiss-alp-watch-5324-1200/
H. Moser & Cie,Pioneer Centre Seconds,19900,https://www.thewatchpages.com/watches/h-moser-cie-pioneer-centre-seconds-3200-0902/
H. Moser & Cie,Pioneer Centre Seconds,11900,https://www.thewatchpages.com/watches/h-moser-cie-pioneer-centre-seconds-3200-1200/
H. Moser & Cie,Venturer Small Seconds XL Purity,23000,https://www.thewatchpages.com/watches/h-moser-cie-venturer-small-seconds-xl-purity-2327-0407/
H. Moser & Cie,Venturer Small Seconds XL Purity,23000,https://www.thewatchpages.com/watches/h-moser-cie-venturer-small-seconds-xl-purity-2327-0408/
H. Moser & Cie,Venturer Small Seconds XL,21600,https://www.thewatchpages.com/watches/h-moser-cie-venturer-small-seconds-xl-2327-0203/
H. Moser & Cie,Venturer Small Seconds,18500,https://www.thewatchpages.com/watches/h-moser-cie-venturer-small-seconds-2327-0404/
H. Moser & Cie,Venturer Small Seconds XL Purity Cosmic Green,19900,https://www.thewatchpages.com/watches/h-moser-cie-venturer-small-seconds-xl-purity-cosmic-green-2327-1202/
H. Moser & Cie,Venturer Small Seconds,18500,https://www.thewatchpages.com/watches/h-moser-cie-venturer-small-seconds-2327-0201/
H. Moser & Cie,Venturer Small Seconds,19500,https://www.thewatchpages.com/watches/h-moser-cie-venturer-small-seconds-2327-0207/
H. Moser & Cie,Venturer Small Seconds,18500,https://www.thewatchpages.com/watches/h-moser-cie-venturer-small-seconds-2327-0200/
H. Moser & Cie,Venturer Small Seconds,19500,https://www.thewatchpages.com/watches/h-moser-cie-venturer-small-seconds-2327-0208/
H. Moser & Cie,Venturer Small Seconds,17500,https://www.thewatchpages.com/watches/h-moser-cie-venturer-small-seconds-2327-0402/
H. Moser & Cie,Venturer Small Seconds,17500,https://www.thewatchpages.com/watches/h-moser-cie-venturer-small-seconds-2327-0401/
H. Moser & Cie,Venturer Small Seconds,17500,https://www.thewatchpages.com/watches/h-moser-cie-venturer-small-seconds-2327-0400/
H. Moser & Cie,Venturer Concept Blue Lagoon,22000,https://www.thewatchpages.com/watches/h-moser-cie-venturer-concept-blue-lagoon-2327-0214/
H. Moser & Cie,Venturer Concept Blue Lagoon,22000,https://www.thewatchpages.com/watches/h-moser-cie-venturer-concept-blue-lagoon-2327-0406/
H. Moser & Cie,Venturer Big Date,29900,https://www.thewatchpages.com/watches/h-moser-cie-venturer-big-date-2100-0203/
H. Moser & Cie,Venturer Big Date,29900,https://www.thewatchpages.com/watches/h-moser-cie-venturer-big-date-2100-0402/
H. Moser & Cie,Venturer Big Date,29000,https://www.thewatchpages.com/watches/h-moser-cie-venturer-big-date-2100-0401/
H. Moser & Cie,Venturer Big Date,29900,https://www.thewatchpages.com/watches/h-moser-cie-venturer-big-date-2100-0202/
H. Moser & Cie,Venturer Big Date,29000,https://www.thewatchpages.com/watches/h-moser-cie-venturer-big-date-2100-0400/
H. Moser & Cie,Venturer Big Date,29900,https://www.thewatchpages.com/watches/h-moser-cie-venturer-big-date-2100-0200/
H. Moser & Cie,Endeavour Perpetual Moon,35000,https://www.thewatchpages.com/watches/h-moser-cie-endeavour-perpetual-moon-1801-1200/
H. Moser & Cie,Endeavour Centre Seconds Concept Purple Haze,24000,https://www.thewatchpages.com/watches/h-moser-cie-endeavour-centre-seconds-concept-purple-haze-1343-0212/
H. Moser & Cie,Endeavour Perpetual Moon,35000,https://www.thewatchpages.com/watches/h-moser-cie-endeavour-perpetual-moon-1801-0400/
H. Moser & Cie,Endeavour Perpetual Calendar,99000,https://www.thewatchpages.com/watches/h-moser-cie-endeavour-perpetual-calendar-1341-0101/
H. Moser & Cie,Endeavour Perpetual Calendar,54000,https://www.thewatchpages.com/watches/h-moser-cie-endeavour-perpetual-calendar-1341-0107/
H. Moser & Cie,Endeavour Perpetual Calendar,54000,https://www.thewatchpages.com/watches/h-moser-cie-endeavour-perpetual-calendar-1341-0205/
H. Moser & Cie,Endeavour Tourbillon,69000,https://www.thewatchpages.com/watches/h-moser-cie-endeavour-tourbillon-1804-0207/
H. Moser & Cie,Endeavour Perpetual Calendar,54000,https://www.thewatchpages.com/watches/h-moser-cie-endeavour-perpetual-calendar-1341-0207/
H. Moser & Cie,Endeavour Flying Hours,32000,https://www.thewatchpages.com/watches/h-moser-cie-endeavour-flying-hours-1806-0200/
H. Moser & Cie,Endeavour Tourbillon,69000,https://www.thewatchpages.com/watches/h-moser-cie-endeavour-tourbillon-1804-0201/
H. Moser & Cie,Endeavour Tourbillon,69000,https://www.thewatchpages.com/watches/h-moser-cie-endeavour-tourbillon-1804-0200/
H. Moser & Cie,"Heritage Bronze ""Since 1828""",17900,https://www.thewatchpages.com/watches/h-moser-cie-heritage-bronze-since-1828-8200-1701/
H. Moser & Cie,Endeavour Perpetual Calendar Tutorial,59000,https://www.thewatchpages.com/watches/h-moser-cie-endeavour-perpetual-calendar-tutorial-1800-0205/
H. Moser & Cie,Streamliner Chronograph UNDEFEATED,50000,https://www.thewatchpages.com/watches/h-moser-cie-streamliner-chronograph-undefeated-6902-1206/
H. Moser & Cie,Endeavour Concept Minute Repeater Tourbillon,330000,https://www.thewatchpages.com/watches/h-moser-cie-endeavour-concept-minute-repeater-tourbillon-1903-0500/
H. Moser & Cie,Endeavour Tourbillon Concept,59900,https://www.thewatchpages.com/watches/h-moser-cie-endeavour-tourbillon-concept-1804-1208/
